,Age,Credit_Score,Gender_Male,Cluster
0,1.3045115471076822,1.5623586721217753,1.0,0
1,-1.3349788071973747,1.260668052981913,1.0,2
2,-0.9579087565823664,1.5623586721217753,0.0,2
3,1.153683526861679,-0.2860209344535041,0.0,3
4,-0.8070807363363632,-1.0825035646391428,1.0,1
5,-0.052940635106347,1.212716700629438,1.0,2
6,0.0978873851396562,1.5623586721217753,0.0,0
7,-1.4103928173203764,-0.1947202900405175,1.0,1
8,0.8520274863696725,-1.0825035646391428,0.0,3
9,1.3045115471076822,-0.2808105558470852,1.0,3
10,-1.1841507869513714,-1.0825035646391428,0.0,1
11,0.7011994661236692,-1.0825035646391428,1.0,3
12,1.153683526861679,-0.6818995059481502,0.0,3
13,0.6257854560006676,0.6835943777505045,1.0,0
14,0.8520274863696725,1.2597423511990464,1.0,0
15,-0.6562527160903601,0.904515312283416,1.0,2
16,-1.5612208375663796,-1.0825035646391428,0.0,1
17,-0.5808387059673584,0.0229606882523616,0.0,1
18,1.379925557230684,-1.0825035646391428,1.0,3
19,-0.8824947464593649,0.68264222734527,0.0,2
20,-0.5808387059673584,-0.1543200193739941,1.0,1
21,-0.3545966755983535,-1.0825035646391428,0.0,1
22,-1.485806827443378,0.5534583394944113,1.0,2
23,1.153683526861679,0.7719239602508629,1.0,0
24,1.4553395673536855,-1.0775841208787675,0.0,3
25,-1.4103928173203764,0.419831083085794,1.0,2
26,-0.3545966755983535,1.2621403596270435,1.0,2
27,-1.259564797074373,-1.0825035646391428,1.0,1
28,1.3045115471076822,-1.0825035646391428,0.0,3
29,-1.1087367768283698,0.7277415365857716,0.0,2
30,0.0224733750166546,-1.0825035646391428,1.0,3
31,0.2487154053856595,-1.0825035646391428,1.0,3
32,-0.5808387059673584,0.2441637414238617,0.0,2
33,-0.6562527160903601,-1.0825035646391428,1.0,1
34,-0.1283546452293486,-0.9492730375660396,1.0,1
35,0.3241294155086611,0.0200160749621011,1.0,3
36,1.4553395673536855,-0.5443402210142148,1.0,3
37,0.7011994661236692,-0.7659135548988606,0.0,3
38,-0.8824947464593649,0.0267384331472022,0.0,1
39,0.7011994661236692,0.4677119057786223,0.0,0
40,-0.6562527160903601,0.2468570928016298,1.0,2
41,1.6061675875996888,1.4759377985356117,0.0,0
42,0.7766134762466709,0.2013037488771512,0.0,0
43,0.7011994661236692,0.2470774979880264,0.0,0
44,1.3045115471076822,-1.0771565348171577,1.0,3
45,-1.0333227667053682,-0.0632926773921393,1.0,1
46,0.2487154053856595,-1.0825035646391428,0.0,3
47,0.8520274863696725,-1.0825035646391428,1.0,3
48,0.4749574357546643,1.3001955191103054,1.0,0
49,-1.485806827443378,-0.5042264770900079,0.0,1
50,0.5503714458776661,-1.0825035646391428,1.0,3
51,-1.0333227667053682,-1.0825035646391428,1.0,1
52,1.6815815977226904,-0.6779542531116488,1.0,3
53,1.6061675875996888,-1.0825035646391428,1.0,3
54,-1.4103928173203764,-0.3704493451546404,0.0,1
55,1.2290975369846806,-0.5926442216649251,0.0,3
56,1.0028555066156757,-1.0825035646391428,0.0,3
57,1.153683526861679,-1.0825035646391428,0.0,3
58,1.379925557230684,-0.1535530093253333,0.0,3
59,0.7766134762466709,-0.9012864203837406,0.0,3
60,0.8520274863696725,1.5623586721217753,1.0,0
61,-0.6562527160903601,-1.0825035646391428,0.0,1
62,-1.1087367768283698,0.2896685962073332,0.0,2
63,-1.1841507869513714,1.4317641910779766,1.0,2
64,-0.5808387059673584,1.0828892296342998,1.0,2
65,0.3241294155086611,-1.0825035646391428,0.0,3
66,-0.8824947464593649,0.951329373874084,1.0,2
67,1.6061675875996888,1.1285439599445215,0.0,0
68,-1.0333227667053682,-0.6789372602429781,0.0,1
69,1.6061675875996888,0.3798848471032481,0.0,0
70,1.153683526861679,0.8202015122792059,0.0,0
71,-0.8824947464593649,0.8632510532862171,0.0,2
72,-0.1283546452293486,1.4799227243056658,0.0,2
73,0.4749574357546643,1.5623586721217753,1.0,0
74,0.4749574357546643,1.5623586721217753,0.0,0
75,-1.1087367768283698,1.1284205330401391,0.0,2
76,0.9274414964926742,-1.0825035646391428,0.0,3
77,-0.4300106857213551,-1.0825035646391428,0.0,1
78,-1.4103928173203764,-1.0825035646391428,0.0,1
79,-1.0333227667053682,1.5623586721217753,0.0,2
80,-0.5808387059673584,0.2458608613591161,0.0,2
81,-1.1087367768283698,0.1542296091665339,0.0,1
82,-0.5054246958443568,-0.5452703309008091,0.0,1
83,1.2290975369846806,0.0220570269881353,1.0,3
84,-0.2037686553523502,-1.0316825367597815,1.0,1
85,-1.3349788071973747,-1.0825035646391428,0.0,1
86,-1.712048857812383,-0.4583954226306689,0.0,1
87,0.4749574357546643,-0.2811852446639594,0.0,3
88,0.1733013952626578,-0.8139398450147112,0.0,3
89,1.5307535774766872,-0.6787433036789491,1.0,3
90,-0.2037686553523502,-0.3706521179261253,0.0,1
91,-0.3545966755983535,-1.0825035646391428,0.0,1
92,0.8520274863696725,-0.9422156634976158,1.0,3
93,-0.6562527160903601,-1.0825035646391428,0.0,1
94,-1.5612208375663796,0.5939820370653164,0.0,2
95,-1.0333227667053682,-0.8597356346442264,0.0,1
96,-1.259564797074373,-1.0825035646391428,0.0,1
97,1.153683526861679,1.5623586721217753,1.0,0
98,-0.7316667262133617,-1.0825035646391428,1.0,1
99,-1.6366348476893813,-1.0825035646391428,1.0,1
100,-1.4103928173203764,0.1152972370414142,0.0,1
101,0.7766134762466709,-0.1506304365537124,0.0,3
102,-0.2037686553523502,0.8638329229783053,1.0,2
103,0.4749574357546643,1.5623586721217753,0.0,0
104,0.4749574357546643,1.345828208901887,0.0,0
105,-1.3349788071973747,-1.0825035646391428,1.0,1
106,1.4553395673536855,-0.022213558751514,1.0,3
107,0.7011994661236692,-0.4571920103129426,1.0,3
108,0.3241294155086611,1.5213809398668925,1.0,0
109,1.4553395673536855,-1.0825035646391428,0.0,3
110,-0.9579087565823664,-1.0825035646391428,0.0,1
111,-0.4300106857213551,-0.0632045153175807,0.0,1
112,-1.1841507869513714,-1.0825035646391428,0.0,1
113,-0.2791826654753518,-1.0825035646391428,1.0,1
114,-0.6562527160903601,-1.0825035646391428,0.0,1
115,0.1733013952626578,-0.5953816540799728,0.0,3
116,-1.259564797074373,-0.6799378997892195,1.0,1
117,1.3045115471076822,1.2112752507104032,1.0,0
118,1.153683526861679,1.127433117805082,1.0,0
119,1.0028555066156757,0.246239958279719,0.0,0
120,0.7011994661236692,-0.329326145476736,1.0,3
121,0.7011994661236692,0.8166089077409393,0.0,0
122,0.3995434256316628,-1.0825035646391428,1.0,3
123,-0.9579087565823664,-0.5018549172843789,0.0,1
124,-1.259564797074373,0.9941761421096116,0.0,2
125,1.379925557230684,1.2139774182956269,0.0,0
126,1.4553395673536855,-1.0825035646391428,0.0,3
127,-1.1087367768283698,0.6435026743449368,1.0,2
128,0.0978873851396562,-1.0825035646391428,1.0,3
129,-0.3545966755983535,1.5623586721217753,0.0,2
130,-0.3545966755983535,0.993695658803266,0.0,2
131,-1.259564797074373,0.4628938484039896,1.0,2
132,-1.6366348476893813,-0.2409480738353702,0.0,1
133,1.379925557230684,0.2418538950704238,0.0,0
134,-0.5054246958443568,-1.077063964638871,1.0,1
135,0.4749574357546643,1.1293153780969103,1.0,0
136,-1.712048857812383,-1.0825035646391428,0.0,1
137,0.7011994661236692,-0.3289734971785013,1.0,3
138,1.4553395673536855,0.6408974850417267,1.0,0
139,1.3045115471076822,0.1545602169461297,1.0,0
140,-0.2791826654753518,1.2128489437412753,0.0,2
141,-0.4300106857213551,-0.2382547224576021,1.0,1
142,-0.4300106857213551,-1.0825035646391428,1.0,1
143,-0.3545966755983535,-0.4580648148510738,0.0,1
144,-0.4300106857213551,1.5623586721217753,1.0,2
145,-1.5612208375663796,-0.236980780480229,1.0,1
146,0.3995434256316628,-0.6383386249086981,1.0,3
147,0.6257854560006676,1.5623586721217753,0.0,0
148,-0.8070807363363632,1.5623586721217753,1.0,2
149,1.6815815977226904,1.5623586721217753,1.0,0
150,-0.5808387059673584,0.2032124577913475,0.0,2
151,0.1733013952626578,-1.0825035646391428,0.0,3
152,0.7766134762466709,-1.0825035646391428,0.0,3
153,1.6815815977226904,1.1723516947927386,1.0,0
154,-1.3349788071973747,1.5623586721217753,1.0,2
155,-1.3349788071973747,0.8185484733812304,1.0,2
156,-0.2791826654753518,1.4767753382439197,0.0,2
157,-0.1283546452293486,-0.4578884907019563,1.0,1
158,-0.2037686553523502,-1.0825035646391428,1.0,1
159,-0.5808387059673584,0.3800082740076304,1.0,2
160,-1.3349788071973747,-0.4201154498572829,0.0,1
161,0.5503714458776661,-0.9466061348106388,0.0,3
162,0.9274414964926742,0.1141511300721507,1.0,0
163,-1.1841507869513714,-0.5015727986457907,1.0,1
164,0.1733013952626578,0.2468174198680784,1.0,0
165,1.2290975369846806,-0.7211624858528662,0.0,3
166,1.6815815977226904,-1.0825035646391428,0.0,3
167,-0.5054246958443568,0.5566233579710688,1.0,2
168,1.6061675875996888,-1.0825035646391428,1.0,3
169,-1.485806827443378,1.3044801959338583,1.0,2
170,-0.1283546452293486,-1.0338204670678302,0.0,1
171,-0.7316667262133617,1.5623586721217753,0.0,2
172,-0.052940635106347,-1.0825035646391428,1.0,1
173,0.8520274863696725,1.5623586721217753,0.0,0
174,-0.6562527160903601,-1.0825035646391428,1.0,1
175,0.5503714458776661,1.209913146658471,0.0,0
176,-1.5612208375663796,-0.1951522842058549,1.0,1
177,-0.2791826654753518,0.6445782516545531,1.0,2
178,-0.4300106857213551,1.2135410160265616,1.0,2
179,1.5307535774766872,-1.0825035646391428,1.0,3
180,-0.5808387059673584,-0.9009558126041456,1.0,1
181,1.379925557230684,0.19893659717525,0.0,0
182,1.6061675875996888,-1.0825035646391428,1.0,3
183,1.6061675875996888,0.9467846189305824,0.0,0
184,-1.1841507869513714,-1.0825035646391428,1.0,1
185,0.6257854560006676,0.4666583689876452,1.0,0
186,-0.2791826654753518,0.8598171404821564,1.0,2
187,-1.4103928173203764,-1.0825035646391428,0.0,1
188,0.0978873851396562,-1.0825035646391428,1.0,3
189,-1.712048857812383,-0.0167739587512427,1.0,1
190,-1.0333227667053682,-0.0609563824163334,0.0,1
191,-1.5612208375663796,-0.1503130530853014,0.0,1
192,-0.3545966755983535,1.3923381113353273,1.0,2
193,-0.6562527160903601,0.903426510662616,0.0,2
194,1.4553395673536855,-1.0825035646391428,0.0,3
195,-0.6562527160903601,0.7302100746734154,0.0,2
196,-0.5054246958443568,-1.0825035646391428,1.0,1
197,1.153683526861679,0.7284159764561462,1.0,0
198,-0.7316667262133617,0.2879758843758062,1.0,2
199,-0.3545966755983535,0.467068322634344,0.0,2
200,0.0224733750166546,1.5623586721217753,0.0,2
201,0.2487154053856595,0.7720694276738848,0.0,0
202,1.379925557230684,-1.0825035646391428,0.0,3
203,0.7766134762466709,1.124074142764396,1.0,0
204,0.4749574357546643,-1.0825035646391428,0.0,3
205,-0.4300106857213551,-1.0825035646391428,0.0,1
206,-0.052940635106347,0.1603083842073567,0.0,2
207,-1.3349788071973747,0.2424137242438713,1.0,2
208,1.379925557230684,-1.0825035646391428,0.0,3
209,-0.4300106857213551,0.9039554831099684,1.0,2
210,-0.5808387059673584,-1.0825035646391428,0.0,1
211,0.3241294155086611,0.9519729570183624,1.0,0
212,-0.6562527160903601,0.8632642775974011,0.0,2
213,-1.4103928173203764,1.1685519093792585,1.0,2
214,-0.2791826654753518,-1.0825035646391428,0.0,1
215,-1.6366348476893813,-0.5915289714217576,1.0,1
216,0.9274414964926742,-1.0825035646391428,1.0,3
217,0.3241294155086611,-0.3719877733556898,0.0,3
218,-0.8070807363363632,-0.1973431117586386,0.0,1
219,0.3241294155086611,-1.0825035646391428,1.0,3
220,1.6061675875996888,1.5623586721217753,0.0,0
221,0.8520274863696725,1.5623586721217753,1.0,0
222,0.6257854560006676,-1.0825035646391428,1.0,3
223,0.1733013952626578,0.5996728989780805,0.0,0
224,-0.052940635106347,1.3930610403467083,1.0,2
225,-1.259564797074373,0.2022867560084805,0.0,2
226,-0.3545966755983535,-0.6807401746677036,0.0,1
227,0.5503714458776661,-1.0825035646391428,1.0,3
228,-0.5808387059673584,0.1985707245658316,1.0,2
229,0.3241294155086611,-0.2430815960396906,0.0,3
230,0.8520274863696725,-0.9448032203859136,1.0,3
231,1.2290975369846806,0.1595017012251446,0.0,0
232,-1.3349788071973747,-1.0825035646391428,1.0,1
233,1.0028555066156757,1.4770266001564123,0.0,0
234,-0.2037686553523502,0.3315499897264422,0.0,2
235,0.6257854560006676,0.0715952966826675,0.0,3
236,-1.5612208375663796,0.7758824373985489,0.0,2
237,0.8520274863696725,-1.0825035646391428,0.0,3
238,0.3995434256316628,-1.0825035646391428,0.0,3
239,1.6815815977226904,-1.0825035646391428,0.0,3
240,-0.2037686553523502,1.3902089972347351,0.0,2
241,1.379925557230684,-0.59543014322098,1.0,3
242,1.3045115471076822,1.5623586721217753,0.0,0
243,0.4749574357546643,0.1569538172703984,0.0,0
244,-0.7316667262133617,0.8156347168170657,0.0,2
245,-1.5612208375663796,-1.0825035646391428,1.0,1
246,-1.1087367768283698,-0.9917186683623244,0.0,1
247,1.3045115471076822,1.5623586721217753,0.0,0
248,-0.6562527160903601,-1.0825035646391428,0.0,1
249,-1.259564797074373,1.5623586721217753,1.0,2
250,1.379925557230684,1.5623586721217753,1.0,0
251,-1.259564797074373,-0.6379992009216469,1.0,1
252,1.153683526861679,-1.0825035646391428,0.0,3
253,-1.485806827443378,1.173440496413538,1.0,2
254,-1.1087367768283698,-1.0825035646391428,0.0,1
255,-0.7316667262133617,1.5623586721217753,1.0,2
256,0.8520274863696725,-1.0825035646391428,1.0,3
257,1.5307535774766872,-1.0786023928399204,1.0,3
258,1.2290975369846806,-1.0825035646391428,1.0,3
259,-0.5054246958443568,-0.9036050829446344,1.0,1
260,-1.4103928173203764,-0.3754966239231259,0.0,1
261,-0.5054246958443568,-1.0825035646391428,1.0,1
262,-1.0333227667053682,-0.0633676151555144,1.0,1
263,0.7011994661236692,-0.153522152599238,1.0,3
264,0.9274414964926742,1.5623586721217753,0.0,0
265,0.8520274863696725,0.6408710364193593,1.0,0
266,-0.2791826654753518,-1.0825035646391428,1.0,1
267,1.6061675875996888,-1.0825035646391428,0.0,3
268,-1.1087367768283698,-0.1952448543841416,1.0,1
269,-1.1087367768283698,-0.6373512096736405,1.0,1
270,0.4749574357546643,-0.7228331571657534,0.0,3
271,1.6815815977226904,-0.7253810411204998,1.0,3
272,0.9274414964926742,-1.0825035646391428,1.0,3
273,0.1733013952626578,-1.0825035646391428,0.0,3
274,-0.1283546452293486,0.8180547657637013,1.0,2
275,-0.8824947464593649,-1.0825035646391428,0.0,1
276,0.5503714458776661,-1.0825035646391428,1.0,3
277,1.6815815977226904,0.4223040292771651,0.0,0
278,-0.6562527160903601,1.5623586721217753,1.0,2
279,-0.5808387059673584,-0.2397887425549235,0.0,1
280,1.6061675875996888,0.7775398844002523,0.0,0
281,-0.2791826654753518,0.9924702059669006,1.0,2
282,-0.8070807363363632,-1.0825035646391428,1.0,1
283,0.0224733750166546,-1.0825035646391428,0.0,3
284,-0.8824947464593649,1.477912629005727,0.0,2
285,0.1733013952626578,0.7720562033627012,1.0,0
286,-0.2037686553523502,1.5623586721217753,1.0,2
287,-1.4103928173203764,-0.2383517007396166,0.0,1
288,-0.052940635106347,1.4347220286794216,0.0,2
289,-0.2037686553523502,-0.2866160284567752,0.0,1
290,1.2290975369846806,-1.0825035646391428,0.0,3
291,-0.8070807363363632,-1.0792680165028383,0.0,1
292,-1.485806827443378,1.3061905401802962,0.0,2
293,1.3045115471076822,-0.1947423305591569,0.0,3
294,0.8520274863696725,0.1092757673490548,0.0,3
295,1.0028555066156757,0.6419510218327034,1.0,0
296,0.8520274863696725,-0.2002656845302595,0.0,3
297,1.2290975369846806,-1.0825035646391428,1.0,3
298,0.3241294155086611,1.5623586721217753,1.0,0
299,-0.4300106857213551,-1.0825035646391428,0.0,1
300,-1.259564797074373,1.2600861832898258,0.0,2
301,0.1733013952626578,-0.5490348514844654,1.0,3
302,-0.1283546452293486,1.432795687350314,0.0,2
303,0.2487154053856595,-0.1060072025158278,1.0,3
304,-1.4103928173203764,0.5570200873065826,0.0,2
305,-1.5612208375663796,-0.3271309098202247,0.0,1
306,-0.5808387059673584,0.2486908639524505,0.0,2
307,1.6061675875996888,0.815471616979132,1.0,0
308,0.2487154053856595,1.2124566225094895,1.0,0
309,1.6815815977226904,-1.0825035646391428,0.0,3
310,-1.259564797074373,0.995234087004316,1.0,2
311,-0.4300106857213551,1.2591384409883195,0.0,2
312,0.1733013952626578,0.3763980370544519,0.0,0
313,-1.5612208375663796,1.5623586721217753,1.0,2
314,-0.8824947464593649,1.5623586721217753,0.0,2
315,-0.6562527160903601,-0.5471966722299166,0.0,1
316,-1.485806827443378,1.4346823557458697,1.0,2
317,-0.8070807363363632,1.5623586721217753,0.0,2
318,-1.485806827443378,-1.0825035646391428,1.0,1
319,0.3241294155086611,-1.0825035646391428,0.0,3
320,-0.8070807363363632,-1.0825035646391428,1.0,1
321,-0.2791826654753518,0.1596339443369825,1.0,2
322,-0.052940635106347,1.5623586721217753,1.0,2
323,-1.1841507869513714,-0.9867860002907648,0.0,1
324,1.379925557230684,-1.0825035646391428,1.0,3
325,1.5307535774766872,0.5089541242571809,1.0,0
326,1.2290975369846806,0.9930520756589878,1.0,0
327,0.2487154053856595,-1.0825035646391428,0.0,3
328,-1.1841507869513714,1.5623586721217753,0.0,2
329,0.4749574357546643,-0.3725564187365935,1.0,3
330,-1.1087367768283698,-0.9029262349705324,1.0,1
331,0.1733013952626578,-0.063768752594756,0.0,3
332,0.2487154053856595,1.5623586721217753,0.0,0
333,-1.1841507869513714,-0.6415697649412744,0.0,1
334,-0.6562527160903601,-1.0324804035345378,0.0,1
335,1.2290975369846806,0.3761599994531436,1.0,0
336,-0.4300106857213551,-0.1526493480611067,1.0,1
337,0.6257854560006676,-1.0825035646391428,0.0,3
338,-1.3349788071973747,-0.5045967578031545,0.0,1
339,1.2290975369846806,-1.0825035646391428,0.0,3
340,0.0224733750166546,1.5623586721217753,1.0,2
341,0.1733013952626578,1.5623586721217753,1.0,0
342,0.4749574357546643,0.6876674655951162,1.0,0
343,-0.8824947464593649,-0.5893249195577902,1.0,1
344,-0.4300106857213551,-1.0825035646391428,0.0,1
345,0.9274414964926742,1.434801374546524,1.0,0
346,1.6061675875996888,0.8648556030431861,0.0,0
347,-1.712048857812383,-1.0825035646391428,1.0,1
348,-0.5054246958443568,-1.0825035646391428,1.0,1
349,1.379925557230684,-0.2824415542264212,0.0,3
350,-1.712048857812383,1.5623586721217753,0.0,2
351,-0.3545966755983535,1.5623586721217753,0.0,2
352,-0.5054246958443568,1.5623586721217753,1.0,2
353,1.3045115471076822,-0.6351515659134012,0.0,3
354,-0.9579087565823664,-1.0825035646391428,0.0,1
355,0.5503714458776661,1.2166399129472998,1.0,0
356,0.0978873851396562,1.5623586721217753,0.0,0
357,-0.3545966755983535,1.5623586721217753,1.0,2
358,1.3045115471076822,1.5231838542916174,1.0,0
359,1.6815815977226904,-0.9883244284918145,0.0,3
360,0.0978873851396562,-0.2414550057640825,0.0,3
361,1.078269516738677,-1.0825035646391428,1.0,3
362,0.1733013952626578,1.5623586721217753,1.0,0
363,1.379925557230684,0.818544065277502,0.0,0
364,-0.052940635106347,1.036048719421264,1.0,2
365,0.4749574357546643,1.5623586721217753,1.0,0
366,1.379925557230684,-1.0825035646391428,1.0,3
367,1.6061675875996888,-1.0825035646391428,1.0,3
368,1.379925557230684,-0.5464605189073517,0.0,3
369,-1.259564797074373,-1.0825035646391428,1.0,1
370,-1.6366348476893813,-1.0825035646391428,1.0,1
371,-1.0333227667053682,-0.7703260667305238,0.0,1
372,0.7011994661236692,1.5623586721217753,1.0,0
373,1.4553395673536855,1.5623586721217753,1.0,0
374,1.4553395673536855,0.1541502632994315,1.0,0
375,0.7766134762466709,-1.0825035646391428,0.0,3
376,0.0978873851396562,-0.4574520884328908,1.0,3
377,0.3995434256316628,-1.0825035646391428,1.0,3
378,1.4553395673536855,1.393012551205702,1.0,0
379,-1.6366348476893813,-1.0825035646391428,1.0,1
380,-0.5054246958443568,1.1693365518428307,1.0,2
381,0.5503714458776661,0.859839181000796,0.0,0
382,1.078269516738677,-1.0825035646391428,1.0,3
383,-1.0333227667053682,1.5623586721217753,1.0,2
384,-1.1087367768283698,-1.0825035646391428,1.0,1
385,1.078269516738677,-1.0825035646391428,1.0,3
386,-0.8070807363363632,0.5059830623445528,1.0,2
387,-1.259564797074373,-0.0168224478922498,1.0,1
388,0.9274414964926742,-0.9889856440510046,0.0,3
389,1.4553395673536855,-1.0825035646391428,1.0,3
390,1.6061675875996888,-1.0825035646391428,1.0,3
391,-0.5054246958443568,-0.2389600190540715,1.0,1
392,1.3045115471076822,0.5081827061047924,0.0,0
393,1.6061675875996888,-1.0811282362760273,1.0,3
394,1.4553395673536855,1.5623586721217753,0.0,0
395,-0.052940635106347,0.8142108993129423,0.0,2
396,-1.4103928173203764,0.6004575414416529,0.0,2
397,-0.5808387059673584,0.2873499336464392,0.0,2
398,-0.6562527160903601,1.522738635815097,0.0,2
399,-0.1283546452293486,-1.0825035646391428,1.0,1
400,-0.8070807363363632,-1.0825035646391428,1.0,1
401,1.5307535774766872,0.2892454182494514,0.0,0
402,-0.8824947464593649,0.5537360500292711,0.0,2
403,0.1733013952626578,-0.6403443121049084,1.0,3
404,-0.2037686553523502,-1.077808934168892,0.0,1
405,0.6257854560006676,-0.3698233944252736,0.0,3
406,1.5307535774766872,-0.2854390647614166,1.0,3
407,-0.8824947464593649,1.5623586721217753,0.0,2
408,0.1733013952626578,-0.9892016411336736,1.0,3
409,0.0224733750166546,1.3934665858896786,0.0,2
410,-0.052940635106347,-1.0825035646391428,0.0,1
411,-0.1283546452293486,-0.5062586129085856,0.0,1
412,1.153683526861679,0.5113565407889057,0.0,0
413,-0.5808387059673584,-1.0825035646391428,0.0,1
414,-1.6366348476893813,-1.0825035646391428,0.0,1
415,0.3995434256316628,-0.4183698407810207,1.0,3
416,0.3995434256316628,1.128733508404823,1.0,0
417,0.5503714458776661,-0.947346696236932,1.0,3
418,-0.3545966755983535,1.5623586721217753,0.0,2
419,-0.6562527160903601,0.7299896694870188,1.0,2
420,-0.5054246958443568,1.0376973502155118,1.0,2
421,-0.8070807363363632,0.1587435073839397,1.0,2
422,-0.2037686553523502,-1.0825035646391428,1.0,1
423,-0.6562527160903601,-0.0646018841993355,1.0,1
424,-0.1283546452293486,-1.0825035646391428,1.0,1
425,-1.1841507869513714,-1.0825035646391428,1.0,1
426,-0.7316667262133617,1.5623586721217753,0.0,2
427,-0.2791826654753518,-1.0825035646391428,1.0,1
428,-1.1841507869513714,1.4802533320852609,0.0,2
429,0.6257854560006676,-0.41856379734505,1.0,3
430,-0.2037686553523502,-0.419493907231644,0.0,1
431,0.9274414964926742,0.6420391839072619,0.0,0
432,-0.9579087565823664,-0.9447944041784576,1.0,1
433,-0.8824947464593649,1.5623586721217753,1.0,2
434,0.6257854560006676,-0.5950863111302012,1.0,3
435,-0.8824947464593649,-1.0825035646391428,1.0,1
436,1.078269516738677,-1.0825035646391428,0.0,3
437,-1.485806827443378,-1.0825035646391428,0.0,1
438,-0.7316667262133617,-1.0825035646391428,1.0,1
439,0.9274414964926742,1.393193283458547,0.0,0
440,0.1733013952626578,0.0697747498430304,0.0,3
441,1.3045115471076822,0.64072116089261,0.0,0
442,0.3995434256316628,0.5069704775796104,0.0,0
443,-1.6366348476893813,-0.4203534874585913,0.0,1
444,-0.5054246958443568,1.5623586721217753,0.0,2
445,1.6061675875996888,0.8183545168172013,1.0,0
446,0.2487154053856595,-0.2866909662201504,1.0,3
447,-1.0333227667053682,1.5623586721217753,0.0,2
448,-0.6562527160903601,-1.0825035646391428,0.0,1
449,-1.3349788071973747,-1.0825035646391428,0.0,1
450,-0.8070807363363632,-0.589748097515672,1.0,1
451,-0.052940635106347,1.5623586721217753,1.0,2
452,-1.0333227667053682,-1.0825035646391428,0.0,1
453,-0.3545966755983535,-1.0825035646391428,1.0,1
454,0.7766134762466709,-1.0825035646391428,0.0,3
455,-0.9579087565823664,-1.0825035646391428,1.0,1
456,0.0224733750166546,-0.2814761795100032,1.0,3
457,-1.3349788071973747,-1.0825035646391428,1.0,1
458,0.1733013952626578,1.125978443574864,1.0,0
459,1.3045115471076822,-1.0825035646391428,0.0,3
460,0.0978873851396562,-0.6785228984925522,1.0,3
461,-1.1087367768283698,0.5527398185867584,1.0,2
462,-0.9579087565823664,-1.0825035646391428,0.0,1
463,0.3995434256316628,-1.0825035646391428,0.0,3
464,-0.6562527160903601,1.5623586721217753,1.0,2
465,1.379925557230684,-1.0825035646391428,0.0,3
466,-0.6562527160903601,0.0718862315287114,1.0,1
467,0.1733013952626578,1.041730765126572,1.0,0
468,0.3995434256316628,1.5623586721217753,0.0,0
469,0.3995434256316628,-0.7659973088696916,0.0,3
470,0.3995434256316628,1.5243784504018885,1.0,0
471,-0.8824947464593649,-0.5957298942744798,0.0,1
472,-1.3349788071973747,-1.0825035646391428,0.0,1
473,-0.8824947464593649,0.112396704788433,1.0,1
474,1.2290975369846806,0.6395574215084346,0.0,0
475,0.4749574357546643,-1.031457723469657,0.0,3
476,-0.8824947464593649,-1.0825035646391428,1.0,1
477,0.2487154053856595,1.5262034053452536,1.0,0
478,1.078269516738677,-0.2870788793482082,0.0,3
479,-1.1087367768283698,0.5527221861718465,1.0,2
480,1.3045115471076822,-0.6375804310674932,1.0,3
481,1.2290975369846806,1.0379838769578278,0.0,0
482,0.4749574357546643,-0.1109575030022989,1.0,3
483,-0.8070807363363632,0.6859835699710454,0.0,2
484,1.0028555066156757,1.3926422704925552,1.0,0
485,1.3045115471076822,-0.1108076274755487,0.0,3
486,-1.6366348476893813,-1.0825035646391428,1.0,1
487,-0.9579087565823664,-0.6405338605652093,0.0,1
488,0.3995434256316628,1.5623586721217753,0.0,0
489,0.5503714458776661,0.553647887954713,1.0,0
490,-1.1087367768283698,0.50603155148556,1.0,2
491,-1.3349788071973747,1.3023070007959858,0.0,2
492,-0.2037686553523502,1.5623586721217753,1.0,2
493,-1.712048857812383,-1.0825035646391428,1.0,1
494,-0.1283546452293486,1.3870968760028124,0.0,2
495,-0.8824947464593649,-1.0825035646391428,0.0,1
496,-1.3349788071973747,1.5623586721217753,0.0,2
497,-0.5054246958443568,-0.5474655665573208,0.0,1
498,-0.052940635106347,0.9973764254160918,0.0,2
499,-0.2037686553523502,-1.0735683383826184,1.0,1
500,-0.1283546452293486,-0.5018637334918346,1.0,1
501,1.0028555066156757,0.0680908542189595,0.0,3
502,1.5307535774766872,-1.0825035646391428,0.0,3
503,-1.0333227667053682,0.111590021806221,0.0,1
504,1.5307535774766872,1.0401041748509643,0.0,0
505,0.9274414964926742,-1.0825035646391428,1.0,3
506,1.6815815977226904,1.3023466737295373,0.0,0
507,0.2487154053856595,1.2090623826389797,1.0,0
508,-1.1087367768283698,1.5265075645024808,1.0,2
509,0.9274414964926742,0.9910992857075128,0.0,0
510,-0.4300106857213551,0.7761469236222248,0.0,2
511,-1.0333227667053682,-1.0825035646391428,0.0,1
512,0.8520274863696725,-1.0825035646391428,0.0,3
513,-0.1283546452293486,1.4819151871906924,0.0,2
514,1.3045115471076822,-0.7665968109766909,0.0,3
515,-1.4103928173203764,-0.9928691834353154,0.0,1
516,1.4553395673536855,-1.0759619387068875,0.0,3
517,-1.0333227667053682,0.0676676762610778,1.0,1
518,-0.5054246958443568,-0.7246977850426698,1.0,1
519,-1.0333227667053682,-0.6352397279879598,0.0,1
520,0.3241294155086611,-0.985789768848252,0.0,3
521,1.078269516738677,-1.0825035646391428,1.0,3
522,0.2487154053856595,-1.0825035646391428,1.0,3
523,-1.485806827443378,-1.0825035646391428,1.0,1
524,1.6061675875996888,-1.0825035646391428,1.0,3
525,-1.4103928173203764,-1.0825035646391428,0.0,1
526,1.2290975369846806,1.5623586721217753,0.0,0
527,-0.5054246958443568,-0.9882979798694468,1.0,1
528,-1.712048857812383,-0.5469410022136962,1.0,1
529,0.1733013952626578,1.479548035488791,1.0,0
530,-0.2791826654753518,-0.5074267603964884,0.0,1
531,-0.8824947464593649,-1.0825035646391428,1.0,1
532,-1.1087367768283698,-1.0747893831152566,1.0,1
533,0.6257854560006676,1.5623586721217753,0.0,0
534,0.8520274863696725,-1.0825035646391428,1.0,3
535,1.6061675875996888,-0.6839448660779122,1.0,3
536,-1.1841507869513714,-0.0208558628033106,0.0,1
537,-0.2037686553523502,-0.8595945753249327,1.0,1
538,0.3995434256316628,1.127631482472839,1.0,0
539,-1.712048857812383,-0.8120884414489786,1.0,1
540,-0.4300106857213551,-1.0825035646391428,0.0,1
541,-0.2791826654753518,-1.0825035646391428,0.0,1
542,0.4749574357546643,-1.0825035646391428,1.0,3
543,0.0224733750166546,1.5623586721217753,0.0,2
544,-0.9579087565823664,1.5623586721217753,1.0,2
545,-0.2037686553523502,1.5623586721217753,1.0,2
546,1.078269516738677,1.0394076944619506,0.0,0
547,-0.8070807363363632,1.4809806692003695,0.0,2
548,0.2487154053856595,1.173034950870568,1.0,0
549,0.2487154053856595,1.5623586721217753,0.0,0
550,1.078269516738677,-1.0825035646391428,1.0,3
551,1.6061675875996888,1.5623586721217753,1.0,0
552,-0.5808387059673584,1.5623586721217753,1.0,2
553,-1.1087367768283698,1.1682213015996636,0.0,2
554,-0.3545966755983535,-0.5518824864927117,0.0,1
555,0.0978873851396562,1.2157098030607054,0.0,0
556,-0.5808387059673584,0.8627132646314097,1.0,2
557,0.3241294155086611,0.3347238244105555,0.0,0
558,1.5307535774766872,-1.0825035646391428,0.0,3
559,-1.4103928173203764,0.3759616347853867,1.0,2
560,1.5307535774766872,1.2109534591382636,1.0,0
561,1.379925557230684,-0.5903608239338552,0.0,3
562,1.0028555066156757,-0.3303973146826242,1.0,3
563,1.2290975369846806,1.5623586721217753,1.0,0
564,-1.1087367768283698,1.5623586721217753,0.0,2
565,0.8520274863696725,-0.1496342051111994,1.0,3
566,0.8520274863696725,1.5623586721217753,0.0,0
567,-1.1841507869513714,-0.6839448660779122,0.0,1
568,-1.3349788071973747,1.5623586721217753,0.0,2
569,1.4553395673536855,0.9978877654485322,1.0,0
570,1.6815815977226904,-0.4598456887571595,0.0,3
571,0.3995434256316628,-0.0192998021873493,0.0,3
572,-0.7316667262133617,0.9065606724131774,0.0,2
573,0.9274414964926742,-0.2861487694616142,0.0,3
574,0.6257854560006676,-0.7250283928222648,0.0,3
575,0.6257854560006676,-1.0825035646391428,1.0,3
576,1.3045115471076822,0.8140962886160162,0.0,0
577,0.4749574357546643,-0.0647561678298136,1.0,3
578,0.7011994661236692,-1.0825035646391428,1.0,3
579,1.6061675875996888,0.5075126743381466,0.0,0
580,-1.259564797074373,0.7316074435551707,1.0,2
581,0.2487154053856595,0.2883109002591288,0.0,0
582,0.7766134762466709,-1.0825035646391428,0.0,3
583,-0.2791826654753518,1.5623586721217753,1.0,2
584,-0.8070807363363632,-0.993080772414256,1.0,1
585,1.153683526861679,-1.0825035646391428,1.0,3
586,-0.052940635106347,-1.0825035646391428,1.0,1
587,0.8520274863696725,1.5623586721217753,1.0,0
588,-1.259564797074373,-1.0825035646391428,1.0,1
589,-1.1841507869513714,1.5623586721217753,1.0,2
590,0.4749574357546643,-0.7674784317222776,0.0,3
591,-0.8824947464593649,0.0719038639436232,1.0,1
592,1.078269516738677,-1.0825035646391428,1.0,3
593,0.3241294155086611,-0.414093980164924,0.0,3
594,0.4749574357546643,1.124413566751447,1.0,0
595,1.5307535774766872,-1.0825035646391428,1.0,3
596,-0.8070807363363632,0.6423874241017685,0.0,2
597,0.0978873851396562,-1.0825035646391428,0.0,3
598,0.6257854560006676,1.5623586721217753,0.0,0
599,1.0028555066156757,-0.945332192833266,0.0,3
600,-1.485806827443378,-0.4574256398105231,1.0,1
601,0.3241294155086611,-1.03503710369674,0.0,3
602,-1.4103928173203764,-0.5967040851983536,0.0,1
603,0.2487154053856595,-0.6361566135633703,0.0,3
604,-1.259564797074373,1.348314379404442,1.0,2
605,0.6257854560006676,-0.7235472699696787,1.0,3
606,1.6815815977226904,0.5547587300941523,1.0,0
607,0.7011994661236692,-0.986746327357214,0.0,3
608,1.3045115471076822,1.5623586721217753,1.0,0
609,1.0028555066156757,-1.0796911944607204,1.0,3
610,1.3045115471076822,-0.985988133516009,1.0,3
611,-1.6366348476893813,0.0259934636171808,1.0,1
612,-0.5054246958443568,1.5623586721217753,0.0,2
613,-0.2791826654753518,-1.0825035646391428,1.0,1
614,-1.1841507869513714,1.5623586721217753,0.0,2
615,-0.5808387059673584,-0.8565706161675694,0.0,1
616,0.8520274863696725,0.2437405634659799,0.0,0
617,1.6815815977226904,0.9925715923526433,0.0,0
618,0.0978873851396562,-1.075512312126638,0.0,3
619,-1.3349788071973747,1.1256302033803562,1.0,2
620,0.5503714458776661,1.5226681061554492,0.0,0
621,0.9274414964926742,-1.0825035646391428,0.0,3
622,-0.2037686553523502,1.5623586721217753,1.0,2
623,-1.1087367768283698,-0.0635263068897198,0.0,1
624,-1.6366348476893813,-1.0825035646391428,1.0,1
625,-0.5054246958443568,-1.0825035646391428,1.0,1
626,-1.1841507869513714,1.5623586721217753,1.0,2
627,-0.7316667262133617,-1.0825035646391428,1.0,1
628,-0.5808387059673584,-1.0825035646391428,0.0,1
629,1.153683526861679,-0.5494844780647149,0.0,3
630,1.6815815977226904,-0.723745634637436,1.0,3
631,-0.8824947464593649,-1.0825035646391428,0.0,1
632,-1.1841507869513714,-0.8565397594414735,0.0,1
633,0.7766134762466709,0.3308314688187888,0.0,0
634,-1.0333227667053682,-1.0825035646391428,1.0,1
635,-0.052940635106347,-1.0825035646391428,0.0,1
636,0.7011994661236692,-1.0825035646391428,0.0,3
637,1.5307535774766872,1.4321168393762116,1.0,0
638,-1.6366348476893813,-0.8976321023932824,1.0,1
639,0.3995434256316628,1.212831311326364,0.0,0
640,0.0978873851396562,1.5623586721217753,1.0,2
641,0.1733013952626578,0.0225639589168478,0.0,3
642,-0.8070807363363632,0.951311741459172,0.0,2
643,0.3241294155086611,0.1991614104653749,0.0,0
644,0.7766134762466709,0.2878612736788796,1.0,0
645,0.3241294155086611,-1.0825035646391428,0.0,3
646,1.4553395673536855,0.4179003336529585,0.0,0
647,0.1733013952626578,0.9077111874861687,1.0,0
648,-0.7316667262133617,0.5938233453311109,1.0,2
649,0.5503714458776661,0.9980817220125616,0.0,0
650,1.5307535774766872,-1.0825035646391428,0.0,3
651,0.5503714458776661,0.5954499356067186,1.0,0
652,0.3241294155086611,0.0698717281250452,1.0,3
653,-0.8070807363363632,-1.0825035646391428,0.0,1
654,0.9274414964926742,0.9088440701442476,0.0,0
655,0.3241294155086611,-0.0617322086724497,0.0,3
656,0.3241294155086611,-0.4582852200374706,1.0,3
657,1.153683526861679,-0.0624110566465521,0.0,3
658,-0.3545966755983535,-1.0825035646391428,1.0,1
659,-0.5808387059673584,-0.9466987049889256,1.0,1
660,-0.1283546452293486,0.3314750519630671,0.0,2
661,-1.0333227667053682,1.5623586721217753,1.0,2
662,-1.5612208375663796,-1.0825035646391428,1.0,1
663,-1.0333227667053682,0.0693559799888765,0.0,1
664,0.7011994661236692,-0.0628386427081617,1.0,3
665,-1.1087367768283698,0.5102985958942008,0.0,2
666,-1.4103928173203764,-1.0825035646391428,1.0,1
667,-1.0333227667053682,1.4368158779501907,1.0,2
668,-0.4300106857213551,0.645217426695103,1.0,2
669,-1.3349788071973747,1.5623586721217753,1.0,2
670,0.7011994661236692,-1.0825035646391428,0.0,3
671,0.7011994661236692,0.4205628283046309,1.0,0
672,1.0028555066156757,0.8651862108227814,1.0,0
673,-0.3545966755983535,-1.0825035646391428,1.0,1
674,-1.0333227667053682,-1.0825035646391428,0.0,1
675,0.1733013952626578,0.0716526020311308,0.0,3
676,0.6257854560006676,0.2417481005809534,0.0,0
677,0.2487154053856595,0.5074421446784999,1.0,0
678,0.6257854560006676,-0.6814719198865409,1.0,3
679,0.9274414964926742,-0.6780864962234865,0.0,3
680,1.153683526861679,-1.0825035646391428,1.0,3
681,-0.6562527160903601,1.5623586721217753,0.0,2
682,1.6815815977226904,-1.0825035646391428,0.0,3
683,-0.8070807363363632,0.59455068244622,0.0,2
684,1.078269516738677,0.3301922937782383,0.0,0
685,-0.2037686553523502,0.6397161132426405,0.0,2
686,-0.2791826654753518,-0.5954830404657154,0.0,1
687,-0.2037686553523502,-1.0825035646391428,1.0,1
688,0.6257854560006676,0.6866712341526029,0.0,0
689,-1.6366348476893813,1.2565597003074775,0.0,2
690,0.7011994661236692,1.5623586721217753,1.0,0
691,-1.712048857812383,-1.0825035646391428,0.0,1
692,-0.052940635106347,0.5989587861741549,1.0,2
693,-1.1087367768283698,-0.6375054933041185,0.0,1
694,1.4553395673536855,-0.5511595574813302,0.0,3
695,-1.712048857812383,1.5234262999966546,1.0,2
696,1.4553395673536855,-0.2809295746477392,0.0,3
697,0.0224733750166546,1.5623586721217753,1.0,2
698,1.6815815977226904,0.3805989599071733,1.0,0
699,1.0028555066156757,1.3942864931830743,0.0,0
700,-1.4103928173203764,-0.8576065205436338,1.0,1
701,1.5307535774766872,1.2568814918796167,0.0,0
702,1.5307535774766872,1.5623586721217753,0.0,0
703,-0.2037686553523502,0.813086832862319,1.0,2
704,-0.8070807363363632,-1.0825035646391428,1.0,1
705,-0.1283546452293486,-0.508471480980009,0.0,1
706,1.2290975369846806,-1.0825035646391428,0.0,3
707,0.3995434256316628,-1.0825035646391428,1.0,3
708,1.2290975369846806,-0.0178848008906821,0.0,3
709,-0.1283546452293486,-1.0825035646391428,1.0,1
710,-0.5054246958443568,-1.0825035646391428,0.0,1
711,1.078269516738677,0.6400687615408756,0.0,0
712,0.0224733750166546,0.7249159420961655,1.0,2
713,-1.4103928173203764,0.2044731754575361,0.0,2
714,-0.2791826654753518,-1.0825035646391428,0.0,1
715,0.4749574357546643,-0.545680284547507,1.0,3
716,-1.4103928173203764,-1.0825035646391428,0.0,1
717,-0.3545966755983535,0.6853708435528628,1.0,2
718,-1.6366348476893813,-0.6788006090274121,1.0,1
719,0.7766134762466709,-1.0825035646391428,0.0,3
720,0.3241294155086611,-1.0825035646391428,1.0,3
721,1.078269516738677,1.0357533764714923,0.0,0
722,0.7766134762466709,1.4812980526687816,0.0,0
723,1.078269516738677,-1.0775003669079366,1.0,3
724,0.0224733750166546,-0.7674343506849982,0.0,3
725,0.7011994661236692,-0.3268267506629969,0.0,3
726,-0.6562527160903601,-0.7661339600852574,0.0,1
727,-1.259564797074373,-0.5492772971895018,1.0,1
728,1.153683526861679,-0.813031775646757,1.0,3
729,0.5503714458776661,-1.0825035646391428,1.0,3
730,0.4749574357546643,1.523033978764868,0.0,0
731,-1.1087367768283698,-0.4164699480742806,1.0,1
732,-0.2791826654753518,-1.0825035646391428,0.0,1
733,0.1733013952626578,-1.0825035646391428,0.0,3
734,-1.3349788071973747,0.9956925297920208,1.0,2
735,-0.7316667262133617,0.5049339336573047,1.0,2
736,-1.1841507869513714,-0.2395771535759824,1.0,1
737,1.4553395673536855,1.5623586721217753,0.0,0
738,0.1733013952626578,0.1597617793450932,1.0,0
739,0.4749574357546643,-1.0825035646391428,0.0,3
740,0.4749574357546643,-0.1994678177555033,0.0,3
741,0.8520274863696725,-1.0825035646391428,0.0,3
742,-1.4103928173203764,-0.9902199130948264,1.0,1
743,1.6061675875996888,-1.0825035646391428,0.0,3
744,-0.2037686553523502,1.3019455362902952,0.0,2
745,-1.6366348476893813,-0.198198283881858,1.0,1
746,-1.0333227667053682,1.3927039839447457,0.0,2
747,1.379925557230684,-1.0825035646391428,1.0,3
748,-0.8070807363363632,-0.5050552005908594,1.0,1
749,-0.9579087565823664,1.124395934336535,1.0,2
750,-0.6562527160903601,-0.1515076491955718,1.0,1
751,1.4553395673536855,-1.0825035646391428,0.0,3
752,0.8520274863696725,1.126820391386899,1.0,0
753,-1.4103928173203764,1.5623586721217753,0.0,2
754,1.2290975369846806,-1.031462131573385,1.0,3
755,-0.8070807363363632,1.5623586721217753,1.0,2
756,-0.2037686553523502,1.5623586721217753,1.0,2
757,-0.7316667262133617,-1.0825035646391428,1.0,1
758,-1.712048857812383,-1.0825035646391428,1.0,1
759,-0.5808387059673584,-1.0825035646391428,1.0,1
760,1.0028555066156757,0.2855866921552653,0.0,0
761,0.3241294155086611,-0.0222311911664268,0.0,3
762,-0.8824947464593649,-0.2813968336429003,0.0,1
763,-0.8070807363363632,1.5623586721217753,1.0,2
764,0.0224733750166546,-1.0825035646391428,0.0,3
765,-0.9579087565823664,1.5623586721217753,1.0,2
766,-0.5808387059673584,1.3881900857273406,1.0,2
767,-0.5054246958443568,-1.0825035646391428,1.0,1
768,0.3241294155086611,0.5980419005987446,1.0,0
769,1.0028555066156757,1.5623586721217753,0.0,0
770,-1.259564797074373,-0.8115109798606193,1.0,1
771,-0.8070807363363632,-1.0825035646391428,0.0,1
772,0.2487154053856595,-0.7712870333432135,0.0,3
773,1.078269516738677,-1.0825035646391428,1.0,3
774,-1.5612208375663796,1.5623586721217753,1.0,2
775,-0.1283546452293486,-0.3706124449925741,0.0,1
776,-1.712048857812383,-1.0825035646391428,0.0,1
777,0.0224733750166546,-1.0825035646391428,0.0,3
778,-0.2037686553523502,-1.0825035646391428,0.0,1
779,-1.259564797074373,0.5109906681794872,0.0,2
780,1.5307535774766872,0.6405977339882273,0.0,0
781,1.6815815977226904,-1.0825035646391428,1.0,3
782,0.8520274863696725,1.5623586721217753,0.0,0
783,0.0978873851396562,-1.0825035646391428,0.0,3
784,-1.1841507869513714,-1.0825035646391428,0.0,1
785,-0.2037686553523502,0.9042199693336442,0.0,2
786,-1.0333227667053682,0.9506813826260776,0.0,2
787,-0.2791826654753518,0.3787784130675366,1.0,2
788,-0.7316667262133617,1.5623586721217753,1.0,2
789,0.1733013952626578,-0.1976737195382334,0.0,3
790,1.6061675875996888,0.8587151145501727,0.0,0
791,0.3995434256316628,1.5623586721217753,0.0,0
792,-1.0333227667053682,0.2416026331579314,0.0,2
793,1.078269516738677,-1.0767333568592758,0.0,3
794,0.0978873851396562,0.0701670710748163,1.0,3
795,1.379925557230684,-1.0825035646391428,1.0,3
796,-1.1087367768283698,0.5957629109714025,1.0,2
797,0.8520274863696725,-1.0825035646391428,0.0,3
798,-1.5612208375663796,0.7283366305890433,1.0,2
799,0.0224733750166546,0.5074553689896834,1.0,2
800,-0.2037686553523502,-1.0825035646391428,0.0,1
801,1.153683526861679,1.0833697129406448,1.0,0
802,-0.9579087565823664,1.477520307773941,0.0,2
803,1.379925557230684,0.46936053657287,1.0,0
804,0.0978873851396562,0.5929329083780677,1.0,0
805,0.0224733750166546,-1.0825035646391428,0.0,3
806,0.7766134762466709,1.52559067892707,0.0,0
807,-0.9579087565823664,1.393277037429378,0.0,2
808,-1.1087367768283698,-0.282040416787179,0.0,1
809,1.5307535774766872,-0.4151960060969075,0.0,3
810,-0.6562527160903601,-0.6402693743415333,0.0,1
811,1.0028555066156757,-1.0825035646391428,1.0,3
812,0.7011994661236692,1.5623586721217753,1.0,0
813,1.4553395673536855,1.5623586721217753,1.0,0
814,-0.052940635106347,-1.0825035646391428,1.0,1
815,0.5503714458776661,0.7742867038490356,0.0,0
816,1.2290975369846806,-0.5485235114520253,0.0,3
817,0.1733013952626578,-1.0825035646391428,0.0,3
818,-1.712048857812383,-0.3296391208414195,1.0,1
819,-1.259564797074373,1.5623586721217753,0.0,2
820,-0.3545966755983535,-1.0825035646391428,1.0,1
821,0.6257854560006676,1.5623586721217753,0.0,0
822,-1.259564797074373,1.5623586721217753,1.0,2
823,-1.712048857812383,1.5623586721217753,0.0,2
824,-0.4300106857213551,-1.0825035646391428,1.0,1
825,-0.8070807363363632,-0.8584837331854928,1.0,1
826,-1.485806827443378,-1.0825035646391428,0.0,1
827,1.379925557230684,-0.4596032430521228,1.0,3
828,-1.712048857812383,-0.85422109688058,1.0,1
829,-0.1283546452293486,0.6840572286419382,0.0,2
830,0.7766134762466709,-1.0825035646391428,0.0,3
831,1.078269516738677,0.6440228305848323,1.0,0
832,-1.0333227667053682,-0.987663212932624,1.0,1
833,-1.1841507869513714,0.4184822033450452,0.0,2
834,1.0028555066156757,0.3800743955635499,1.0,0
835,0.0978873851396562,-1.0825035646391428,0.0,3
836,0.7011994661236692,0.6834400941200264,0.0,0
837,-1.5612208375663796,-1.0825035646391428,1.0,1
838,1.3045115471076822,-0.9471130667393514,0.0,3
839,1.3045115471076822,-1.0825035646391428,1.0,3
840,1.6061675875996888,0.6859791618673174,0.0,0
841,1.3045115471076822,0.0251162509753219,0.0,3
842,0.4749574357546643,1.5623586721217753,1.0,0
843,1.5307535774766872,0.156742228291457,1.0,0
844,1.153683526861679,-1.0825035646391428,1.0,3
845,1.3045115471076822,-0.5067082394888351,1.0,3
846,-0.2791826654753518,1.4771412108533384,0.0,2
847,-0.3545966755983535,-1.0825035646391428,1.0,1
848,-0.3545966755983535,-1.0825035646391428,1.0,1
849,-0.052940635106347,-1.0825035646391428,1.0,1
850,-0.8824947464593649,-0.4614193817880324,0.0,1
851,-1.4103928173203764,0.1127317206717557,1.0,1
852,-1.0333227667053682,-0.4174044660646029,1.0,1
853,-0.1283546452293486,0.3791178370545876,1.0,2
854,-1.3349788071973747,-0.3759859234369269,0.0,1
855,0.5503714458776661,1.5623586721217753,1.0,0
856,-0.7316667262133617,1.5623586721217753,1.0,2
857,1.6061675875996888,-1.0825035646391428,1.0,3
858,-1.712048857812383,1.5623586721217753,0.0,2
859,1.6061675875996888,1.209569314567692,1.0,0
860,1.5307535774766872,1.5623586721217753,0.0,0
861,0.0978873851396562,-1.0825035646391428,1.0,3
862,1.6061675875996888,-0.2851128650855496,0.0,3
863,-1.259564797074373,-0.5500751639642585,1.0,1
864,-0.7316667262133617,-1.0825035646391428,1.0,1
865,1.0028555066156757,-0.6845531843923671,0.0,3
866,-0.2037686553523502,-1.0825035646391428,0.0,1
867,-1.0333227667053682,-1.0825035646391428,1.0,1
868,-1.3349788071973747,0.4224142318703638,1.0,2
869,-0.1283546452293486,1.5623586721217753,0.0,2
870,-1.0333227667053682,-0.6788050171311399,0.0,1
871,-0.3545966755983535,-1.0825035646391428,1.0,1
872,-0.5054246958443568,0.3293723864848423,0.0,2
873,1.5307535774766872,-0.6361742459782821,1.0,3
874,1.5307535774766872,1.5252732954586592,1.0,0
875,-0.9579087565823664,1.3439856215436097,0.0,2
876,-1.3349788071973747,-1.0825035646391428,1.0,1
877,-0.7316667262133617,-1.0825035646391428,0.0,1
878,1.153683526861679,-1.0825035646391428,0.0,3
879,1.3045115471076822,-1.0825035646391428,1.0,3
880,-0.5054246958443568,1.5623586721217753,1.0,2
881,0.8520274863696725,0.8194741751640964,1.0,0
882,1.4553395673536855,0.1546087060871369,1.0,0
883,-0.5054246958443568,0.8594204111466421,1.0,2
884,0.8520274863696725,-1.0825035646391428,1.0,3
885,-0.2791826654753518,-0.1056677785287774,1.0,1
886,-0.1283546452293486,0.6896026231316794,1.0,2
887,1.6061675875996888,-1.0825035646391428,0.0,3
888,-1.259564797074373,0.8591867816490616,0.0,2
889,0.9274414964926742,-0.4586026035058817,0.0,3
890,-0.6562527160903601,-0.0640023820923366,0.0,1
891,-1.6366348476893813,0.8180547657637018,1.0,2
892,1.379925557230684,-0.2404146932842902,0.0,3
893,-0.6562527160903601,0.8175478338349887,1.0,2
894,-1.3349788071973747,0.9039598912136956,1.0,2
895,0.0978873851396562,1.5623586721217753,1.0,2
896,0.8520274863696725,-0.8581399010947139,1.0,3
897,0.4749574357546643,-1.0825035646391428,1.0,3
898,-1.259564797074373,1.1237391268810724,0.0,2
899,0.3995434256316628,1.3065564127897151,1.0,0
900,1.2290975369846806,-1.0825035646391428,1.0,3
901,-1.1841507869513714,1.5623586721217753,1.0,2
902,1.6815815977226904,-0.1519396433609089,0.0,3
903,1.078269516738677,0.1129609420656084,0.0,0
904,0.0978873851396562,-1.0825035646391428,0.0,3
905,0.2487154053856595,-1.0825035646391428,0.0,3
906,-0.7316667262133617,-0.6417549052978475,0.0,1
907,0.9274414964926742,-1.0825035646391428,1.0,3
908,1.0028555066156757,-1.0825035646391428,0.0,3
909,0.2487154053856595,0.9065650805169048,1.0,0
910,1.0028555066156757,-0.1543685085150015,1.0,3
911,-1.6366348476893813,-0.8562973137364371,1.0,1
912,1.2290975369846806,0.3765523206849295,1.0,0
913,-1.485806827443378,1.5623586721217753,1.0,2
914,0.8520274863696725,-1.0825035646391428,1.0,3
915,1.6061675875996888,-1.0825035646391428,0.0,3
916,0.3995434256316628,0.3322508782191838,1.0,0
917,-0.5054246958443568,-1.0352575088831366,0.0,1
918,-1.712048857812383,-0.5057164161500497,1.0,1
919,0.4749574357546643,-0.3722875244091893,1.0,3
920,-0.8070807363363632,0.8154363521493078,1.0,2
921,-0.5808387059673584,1.3043038717847406,1.0,2
922,-0.052940635106347,0.4651816542387874,0.0,2
923,1.379925557230684,-0.1533326041389368,0.0,3
924,-1.259564797074373,-1.0825035646391428,1.0,1
925,-0.4300106857213551,-1.0825035646391428,1.0,1
926,-0.3545966755983535,1.524259431601234,0.0,2
927,1.5307535774766872,-1.0825035646391428,1.0,3
928,-1.4103928173203764,0.2478841809702389,1.0,2
929,-1.5612208375663796,-1.0825035646391428,1.0,1
930,-0.052940635106347,-1.0825035646391428,0.0,1
931,0.5503714458776661,-1.0825035646391428,1.0,3
932,1.6061675875996888,-0.2873830385054361,0.0,3
933,-0.8824947464593649,-0.0639362605364176,0.0,1
934,-0.1283546452293486,-0.458796560069911,1.0,1
935,0.4749574357546643,-1.0825035646391428,1.0,3
936,-1.5612208375663796,-1.0825035646391428,1.0,1
937,-1.1087367768283698,-1.0825035646391428,0.0,1
938,-1.5612208375663796,-0.0195246154774741,0.0,1
939,-0.8824947464593649,1.5623586721217753,0.0,2
940,-0.2791826654753518,1.5623586721217753,1.0,2
941,0.7011994661236692,-0.106589072207915,0.0,3
942,-1.1087367768283698,0.7736872017420372,0.0,2
943,1.4553395673536855,-0.9040899743547072,1.0,3
944,1.6061675875996888,0.4628629916778938,0.0,0
945,-1.1087367768283698,1.5623586721217753,1.0,2
946,-1.712048857812383,-1.0825035646391428,1.0,1
947,-1.485806827443378,-1.0737138058056406,1.0,1
948,-1.1841507869513714,1.5623586721217753,0.0,2
949,0.5503714458776661,1.3463483651417834,0.0,0
950,0.3241294155086611,-0.2428215179197426,1.0,3
951,-0.052940635106347,-1.0825035646391428,1.0,1
952,1.6815815977226904,-0.4144642608780703,0.0,3
953,-0.2791826654753518,0.994321609532633,0.0,2
954,-0.5054246958443568,-0.4559445169579372,1.0,1
955,-0.6562527160903601,0.2455655184093449,1.0,2
956,0.0978873851396562,-1.0825035646391428,0.0,3
957,-0.8824947464593649,1.1737358393633095,0.0,2
958,1.5307535774766872,0.5517920762852522,0.0,0
959,-1.1087367768283698,-1.0825035646391428,1.0,1
960,-0.7316667262133617,0.7280633281579117,0.0,2
961,-1.3349788071973747,-1.0825035646391428,1.0,1
962,0.0978873851396562,0.8150572552287059,0.0,0
963,1.2290975369846806,-0.9489776946162678,1.0,3
964,-1.485806827443378,-1.0825035646391428,1.0,1
965,-1.5612208375663796,-1.0825035646391428,0.0,1
966,-1.259564797074373,0.2873367093352557,1.0,2
967,0.8520274863696725,-0.2383781493619841,0.0,3
968,-1.1841507869513714,0.0210960603754457,0.0,1
969,0.2487154053856595,-1.0825035646391428,1.0,3
970,1.379925557230684,1.3006054727570031,1.0,0
971,1.6815815977226904,-0.3690960573101645,0.0,3
972,-0.2037686553523502,1.084797938548496,1.0,2
973,-0.2791826654753518,-1.0825035646391428,1.0,1
974,0.6257854560006676,-1.0825035646391428,1.0,3
975,0.0978873851396562,-1.0825035646391428,0.0,3
976,-0.052940635106347,0.9048591443741952,1.0,2
977,-1.485806827443378,-0.8095141088718647,1.0,1
978,-0.9579087565823664,-0.857588888128722,0.0,1
979,1.0028555066156757,-0.9864906573409934,0.0,3
980,-0.5054246958443568,0.1973100068996414,1.0,2
981,-1.485806827443378,-0.9468133156858518,1.0,1
982,-0.8824947464593649,-1.0825035646391428,1.0,1
983,0.9274414964926742,-0.415090211607437,1.0,3
984,0.7011994661236692,0.8165516023924755,0.0,0
985,-1.6366348476893813,1.259715902576679,0.0,2
986,-0.9579087565823664,-1.0825035646391428,0.0,1
987,0.7011994661236692,1.5623586721217753,0.0,0
988,1.0028555066156757,0.9969752879768502,0.0,0
989,1.0028555066156757,-0.3730633506653058,0.0,3
990,0.3995434256316628,-1.0825035646391428,0.0,3
991,1.0028555066156757,1.3443823508791244,1.0,0
992,-1.3349788071973747,1.5623586721217753,0.0,2
993,0.2487154053856595,-1.0825035646391428,0.0,3
994,0.7766134762466709,0.7279927984982645,0.0,0
995,1.2290975369846806,-0.4156808975069803,1.0,3
996,1.6061675875996888,0.4633346587767827,1.0,0
997,1.5307535774766872,1.5623586721217753,0.0,0
998,0.6257854560006676,-0.6388455568374104,0.0,3
999,-0.4300106857213551,-0.8140456395041819,0.0,1
